gem_nr,einwohner,steueranlage,steuerpflichtige,steuerjahr
307,2597,1.54,1492,2025
351,135577,1.54,87345,2025
352,6288,1.6,3575,2025
353,4419,1.49,2558,2025
354,3316,1.55,1970,2025
355,42601,1.58,25889,2025
356,13094,1.14,7989,2025
357,847,1.75,525,2025
358,3355,1.57,1945,2025
359,5893,1.54,3628,2025
360,9215,1.54,5490,2025
361,11348,1.4,6827,2025
362,11426,1.23,6560,2025
363,17798,1.69,10555,2025
403,1109,1.64,636,2025
535,85,0.89,56,2025
538,5489,1.75,3194,2025
540,5783,1.53,3376,2025
541,446,1.4,239,2025
543,583,1.48,335,2025
544,4098,1.38,2321,2025
546,10556,1.64,6130,2025
551,6446,1.5,3789,2025
553,98,1.4,62,2025
557,546,1.64,332,2025
602,978,1.74,591,2025
603,1852,1.9,1093,2025
605,1317,1.84,791,2025
606,532,1.86,322,2025
607,457,1.8,249,2025
608,4059,1.62,2445,2025
609,264,1.45,152,2025
610,629,1.9,346,2025
611,994,1.54,577,2025
612,5500,1.59,3290,2025
613,625,1.85,361,2025
614,1265,1.8,788,2025
615,569,1.79,336,2025
616,13045,1.58,7636,2025
617,712,1.7,414,2025
619,3684,1.64,2250,2025
620,716,1.87,424,2025
622,659,1.5,400,2025
623,2899,1.44,1770,2025
626,1818,1.87,1096,2025
627,11077,1.7,6685,2025
628,1645,1.89,984,2025
629,326,1.88,191,2025
630,545,1.25,348,2025
632,4430,1.64,2663,2025
662,1262,1.75,738,2025
663,1468,1.6,856,2025
665,271,1.9,151,2025
666,434,1.79,268,2025
667,3298,1.74,1936,2025
668,3027,1.4,1876,2025
669,581,1.5,299,2025
670,5759,1.49,3316,2025
671,373,1.6,212,2025
852,1487,1.89,886,2025
853,1745,1.74,1061,2025
855,6474,1.86,4155,2025
861,11583,1.4,6784,2025
866,1303,1.54,776,2025
868,306,1.49,167,2025
869,1115,1.88,610,2025
870,4520,1.64,2424,2025
872,1840,1.51,1134,2025
877,503,1.79,309,2025
879,3070,1.8,1833,2025
880,1754,1.85,1086,2025
884,2626,1.6,1547,2025
888,1199,1.59,699,2025
889,2069,1.85,1205,2025
